cell_key,batch,policy_readable,cycle_life,evaluation_set,prediction,signed_error,absolute_percentage_error
2018-04-12_cell_39,Batch 3,5C(67%)-4C-newstructure,1935.0,Optional Test (Batch 3),985.9656511532127,-949.0343488467873,49.045702782779706
2018-04-12_cell_8,Batch 3,4.8C(80%)-4.8C-newstructure,1836.0,Optional Test (Batch 3),1018.6015062966763,-817.3984937033237,44.520615125453354
2018-04-12_cell_46,Batch 3,4.8C(80%)-4.8C-newstructure,1801.0,Optional Test (Batch 3),1040.8184886789793,-760.1815113210207,42.20885681960137
2018-04-12_cell_43,Batch 3,4.8C(80%)-4.8C-newstructure,1642.0,Optional Test (Batch 3),969.7032677845234,-672.2967322154766,40.943771754901135
2018-04-12_cell_17,Batch 3,4.8C(80%)-4.8C-newstructure,1638.0,Optional Test (Batch 3),1033.2521389798853,-604.7478610201147,36.919893835171834
2018-04-12_cell_38,Batch 3,4.8C(80%)-4.8C-newstructure,1390.0,Optional Test (Batch 3),1020.241901509204,-369.758098490796,26.60130204969755
2018-04-12_cell_34,Batch 3,5C(67%)-4C-newstructure,1284.0,Optional Test (Batch 3),945.5694446076874,-338.4305553923126,26.357519890367026
2018-04-12_cell_18,Batch 3,5.3C(54%)-4C-newstructure,1315.0,Optional Test (Batch 3),995.5632208218582,-319.4367791781418,24.2917702797066
2018-04-12_cell_40,Batch 3,5.3C(54%)-4C-newstructure,1156.0,Optional Test (Batch 3),890.8486278250421,-265.15137217495794,22.936969911328543
2018-04-12_cell_4,Batch 3,5.6C(36%)-4.3C-newstructure,1115.0,Optional Test (Batch 3),862.5858728059804,-252.41412719401956,22.638038313364984
2018-04-12_cell_35,Batch 3,5.3C(54%)-4C-newstructure,1158.0,Optional Test (Batch 3),923.6721088941307,-234.3278911058693,20.235569180126884
2018-04-12_cell_23,Batch 3,5.9C(60%)-3.1C-newstructure,1002.0,Optional Test (Batch 3),801.832227594927,-200.16777240507304,19.976823593320663
2018-04-12_cell_20,Batch 3,5.6C(36%)-4.3C-newstructure,1155.0,Optional Test (Batch 3),933.5778549092886,-221.4221450907114,19.170748492702288
2018-04-12_cell_10,Batch 3,5.3C(54%)-4C-newstructure,1039.0,Optional Test (Batch 3),840.8941226397797,-198.10587736022035,19.066975684333045
2018-04-12_cell_19,Batch 3,5.6C(19%)-4.6C-newstructure,1146.0,Optional Test (Batch 3),942.4531751288356,-203.5468248711644,17.761503042859022
2018-04-12_cell_3,Batch 3,5.6C(19%)-4.6C-newstructure,1267.0,Optional Test (Batch 3),1049.9671055381104,-217.03289446188955,17.129668071183076
2018-04-12_cell_36,Batch 3,5.6C(19%)-4.6C-newstructure,1093.0,Optional Test (Batch 3),909.4130977092912,-183.58690229070885,16.796605882041067
2018-04-12_cell_41,Batch 3,5.6C(19%)-4.6C-newstructure,796.0,Optional Test (Batch 3),907.8395461020442,111.83954610204421,14.05019423392515
2018-04-12_cell_26,Batch 3,5.3C(54%)-4C-newstructure,989.0,Optional Test (Batch 3),864.8285115016615,-124.17148849833848,12.555256673239482
2018-04-12_cell_2,Batch 3,5.3C(54%)-4C-newstructure,1063.0,Optional Test (Batch 3),936.7235566765004,-126.27644332349962,11.87925148857005
2018-04-12_cell_7,Batch 3,3.7C(31%)-5.9C-newstructure,667.0,Optional Test (Batch 3),587.8390222046195,-79.16097779538052,11.868212563025564
2018-04-12_cell_11,Batch 3,4.8C(80%)-4.8C-newstructure,1078.0,Optional Test (Batch 3),960.5175727035933,-117.48242729640674,10.898184350316026
2018-04-12_cell_5,Batch 3,5.6C(19%)-4.6C-newstructure,1048.0,Optional Test (Batch 3),939.2967784595564,-108.70322154044356,10.372444803477439
2018-04-12_cell_22,Batch 3,3.7C(31%)-5.9C-newstructure,772.0,Optional Test (Batch 3),700.7351884468229,-71.26481155317708,9.231193206370088
2018-04-12_cell_13,Batch 3,5.6C(36%)-4.3C-newstructure,932.0,Optional Test (Batch 3),848.8097729927947,-83.1902270072053,8.925990022232327
2018-04-12_cell_27,Batch 3,5.6C(19%)-4.6C-newstructure,1028.0,Optional Test (Batch 3),952.5917327693381,-75.40826723066186,7.335434555511854
2018-04-12_cell_1,Batch 3,5C(67%)-4C-newstructure,1009.0,Optional Test (Batch 3),935.9582755597341,-73.04172444026585,7.239021252751819
2018-04-12_cell_44,Batch 3,5C(67%)-4C-newstructure,1046.0,Optional Test (Batch 3),977.419157667816,-68.58084233218403,6.556485882617977
2018-04-12_cell_14,Batch 3,5.6C(19%)-4.6C-newstructure,816.0,Optional Test (Batch 3),867.8635391009248,51.863539100924754,6.355825870211367
2018-04-12_cell_42,Batch 3,5.6C(36%)-4.3C-newstructure,786.0,Optional Test (Batch 3),835.9525547440613,49.95255474406133,6.355286863112128
2018-04-12_cell_32,Batch 3,5.9C(60%)-3.1C-newstructure,731.0,Optional Test (Batch 3),768.8519019793439,37.85190197934389,5.1780987659841164
2018-04-12_cell_31,Batch 3,5.3C(54%)-4C-newstructure,935.0,Optional Test (Batch 3),887.1575938204277,-47.84240617957232,5.116834885515756
2018-04-12_cell_21,Batch 3,5C(67%)-4C-newstructure,813.0,Optional Test (Batch 3),853.8220838776936,40.82208387769356,5.021166528621594
2018-04-12_cell_29,Batch 3,3.7C(31%)-5.9C-newstructure,541.0,Optional Test (Batch 3),514.0481765088043,-26.951823491195682,4.981852771015838
2018-04-12_cell_37,Batch 3,5.6C(36%)-4.3C-newstructure,923.0,Optional Test (Batch 3),884.0282381719452,-38.97176182805481,4.222292722432807
2018-04-12_cell_9,Batch 3,5C(67%)-4C-newstructure,828.0,Optional Test (Batch 3),862.4768752540367,34.47687525403671,4.1638738229512935
2018-04-12_cell_25,Batch 3,5C(67%)-4C-newstructure,825.0,Optional Test (Batch 3),793.1623164136475,-31.837683586352455,3.8591131619821155
2018-04-12_cell_16,Batch 3,5.9C(15%)-4.6C-newstructure,876.0,Optional Test (Batch 3),843.5196122502696,-32.480387749730426,3.7078068207454824
2018-04-12_cell_45,Batch 3,5.3C(54%)-4C-newstructure,940.0,Optional Test (Batch 3),905.1508222228936,-34.84917777710643,3.707359337990046
2018-04-12_cell_12,Batch 3,5.6C(19%)-4.6C-newstructure,817.0,Optional Test (Batch 3),789.6652978566246,-27.334702143375353,3.345740776422932
2018-04-12_cell_6,Batch 3,5.6C(36%)-4.3C-newstructure,828.0,Optional Test (Batch 3),803.8772937282454,-24.122706271754623,2.913370322675679
2018-04-12_cell_15,Batch 3,5.6C(36%)-4.3C-newstructure,858.0,Optional Test (Batch 3),865.3263753204201,7.326375320420084,0.8538898974848582
2018-04-12_cell_28,Batch 3,5.6C(36%)-4.3C-newstructure,850.0,Optional Test (Batch 3),854.8907754778861,4.890775477886109,0.5753853503395422
2018-04-12_cell_30,Batch 3,5.9C(15%)-4.6C-newstructure,858.0,Optional Test (Batch 3),859.5483421676457,1.5483421676457283,0.18045946009856972
2018-02-20_cell_7,Batch 2,3.6C(9%)-5C,393.0,Test (Batch 2),690.990220005467,297.990220005467,75.82448346195089
2018-02-20_cell_19,Batch 2,5.2C(50%)-4.25C,449.0,Test (Batch 2),736.31714496865,287.31714496865004,63.99045544958798
2018-02-20_cell_30,Batch 2,5.2C(58%)-4C,452.0,Test (Batch 2),740.657615854207,288.65761585420705,63.86230439252368
2018-02-20_cell_12,Batch 2,5.2C(50%)-4.25C,449.0,Test (Batch 2),693.8128682067742,244.81286820677417,54.524024099504274
2018-02-20_cell_47,Batch 2,4.8C(80%)-4.8C,503.0,Test (Batch 2),777.2487957734635,274.2487957734635,54.52262341420745
2018-02-20_cell_29,Batch 2,4.8C(80%)-4.8C,437.0,Test (Batch 2),672.1168323243006,235.11683232430062,53.80247879274614
2018-02-20_cell_16,Batch 2,3.6C(9%)-5C,396.0,Test (Batch 2),608.8011381779517,212.80113817795166,53.7376611560484
2018-02-20_cell_43,Batch 2,5.2C(50%)-4.25C,474.0,Test (Batch 2),719.9934778229334,245.99347782293341,51.897358190492284
2018-02-20_cell_1,Batch 2,5.2C(58%)-4C,477.0,Test (Batch 2),721.2149891398459,244.2149891398459,51.198110930785305
2018-02-20_cell_25,Batch 2,4.8C(80%)-4.8C,514.0,Test (Batch 2),775.1634189113989,261.16341891139894,50.8100036792605
2018-02-20_cell_26,Batch 2,5.2C(58%)-4C,493.0,Test (Batch 2),738.3955939715486,245.39559397154858,49.77598255000986
2018-02-20_cell_11,Batch 2,4.8C(80%)-4.8C,492.0,Test (Batch 2),728.1782623168675,236.17826231686752,48.003711853021855
2018-02-20_cell_45,Batch 2,5.2C(58%)-4C-newstructure,841.0,Test (Batch 2),1240.6561586183318,399.6561586183318,47.521540858303425
2018-02-20_cell_17,Batch 2,4.8C(80%)-4.8C,472.0,Test (Batch 2),694.0984304488603,222.0984304488603,47.054752213741594
2018-02-20_cell_22,Batch 2,6C(60%)-3C,408.0,Test (Batch 2),599.4277021985159,191.42770219851593,46.91855446042057
2018-02-20_cell_21,Batch 2,5.2C(58%)-4C,489.0,Test (Batch 2),715.0697760741899,226.06977607418992,46.23103805198158
2018-02-20_cell_18,Batch 2,5.6C(26%)-4.5C,471.0,Test (Batch 2),685.7608614463774,214.76086144637736,45.596785869719184
2018-02-20_cell_32,Batch 2,5.6C(26%)-4.5C,425.0,Test (Batch 2),618.2396441146218,193.2396441146218,45.4681515563816
2018-02-20_cell_10,Batch 2,5.6C(26%)-4.5C-newstructure,791.0,Test (Batch 2),1147.4246264609346,356.42462646093463,45.060003345250905
2018-02-20_cell_28,Batch 2,5.2C(50%)-4.25C,474.0,Test (Batch 2),680.3524475886095,206.3524475886095,43.53427164316656
2018-02-20_cell_3,Batch 2,5.2C(50%)-4.25C,424.0,Test (Batch 2),598.0357767406182,174.0357767406182,41.046173759579766
2018-02-20_cell_4,Batch 2,4.65C(44%)-5C,499.0,Test (Batch 2),700.9960290708393,201.9960290708393,40.48016614646079
2018-02-20_cell_20,Batch 2,6C(60%)-3C,392.0,Test (Batch 2),547.5962597465616,155.5962597465616,39.6929234047351
2018-02-20_cell_8,Batch 2,4.8C(80%)-4.8C-newstructure,777.0,Test (Batch 2),1070.8154949900718,293.8154949900718,37.81409201931426
2018-02-20_cell_33,Batch 2,4.8C(80%)-4.8C-newstructure,809.0,Test (Batch 2),1076.5402454344073,267.5402454344073,33.070487692757396
2018-02-20_cell_14,Batch 2,4.65C(69%)-6C,460.0,Test (Batch 2),599.7754573139262,139.77545731392615,30.385968981288297
2018-02-20_cell_27,Batch 2,5.6C(26%)-4.5C,450.0,Test (Batch 2),582.8005825955047,132.8005825955047,29.51124057677882
2018-02-20_cell_31,Batch 2,5.6C(26%)-4.5C,412.0,Test (Batch 2),524.0233068142762,112.02330681427622,27.19012301317384
2018-02-20_cell_42,Batch 2,5.6C(26%)-4.5C,442.0,Test (Batch 2),548.2167001313835,106.2167001313835,24.03092763153473
2018-02-20_cell_2,Batch 2,5.6C(26%)-4.5C,491.0,Test (Batch 2),606.1278676184401,115.12786761844006,23.447630879519362
2018-02-20_cell_34,Batch 2,5.2C(58%)-4C-newstructure,1140.0,Test (Batch 2),964.5272935815566,-175.4727064184434,15.39234266828451
2018-02-20_cell_5,Batch 2,4.65C(69%)-6C,444.0,Test (Batch 2),508.9105840485484,64.9105840485484,14.619500911835225
2018-02-20_cell_46,Batch 2,5.6C(26%)-4.5C-newstructure,997.0,Test (Batch 2),1129.3898048005442,132.3898048005442,13.27881693084696
2018-02-20_cell_9,Batch 2,5.2C(58%)-4C-newstructure,904.0,Test (Batch 2),1014.401589647265,110.40158964726504,12.212565226467373
2018-02-20_cell_44,Batch 2,4.8C(80%)-4.8C-newstructure,1029.0,Test (Batch 2),1134.483191200327,105.48319120032693,10.251038989341781
2018-02-20_cell_35,Batch 2,5.6C(26%)-4.5C-newstructure,1186.0,Test (Batch 2),1066.19921637785,-119.80078362214999,10.101246511142495
2018-02-20_cell_13,Batch 2,4.65C(44%)-5C,466.0,Test (Batch 2),502.43033904631733,36.43033904631733,7.817669323244062
2018-02-20_cell_6,Batch 2,3.6C(30%)-6C,416.0,Test (Batch 2),440.1543816503602,24.15438165036022,5.806341742875053
2018-02-20_cell_15,Batch 2,3.6C(30%)-6C,426.0,Test (Batch 2),449.57509575647333,23.57509575647333,5.534060036730828
2017-05-12_cell_16,Batch 1,5.4C(60%)-3C,719.0,Valid (Batch 1 Hold-out),910.2005580134518,191.20055801345177,26.592567178505114
2017-05-12_cell_15,Batch 1,5.4C(60%)-3C,880.0,Valid (Batch 1 Hold-out),975.1987495450352,95.19874954503518,10.818039721026725
2017-05-12_cell_30,Batch 1,6C(50%)-3C,917.0,Valid (Batch 1 Hold-out),825.551958741403,-91.44804125859696,9.972523583271206
2017-05-12_cell_35,Batch 1,7C(30%)-3.6C,742.0,Valid (Batch 1 Hold-out),814.4681329864762,72.46813298647623,9.7665947421127
2017-05-12_cell_20,Batch 1,5.4C(70%)-3C,788.0,Valid (Batch 1 Hold-out),712.3013089682223,-75.69869103177768,9.606432872053006
2017-05-12_cell_36,Batch 1,7C(30%)-3.6C,703.0,Valid (Batch 1 Hold-out),753.1042525432058,50.1042525432058,7.127205198180057
2017-05-12_cell_2,Batch 1,3.6C(80%)-3.6C,1179.0,Valid (Batch 1 Hold-out),1253.1409743519891,74.14097435198914,6.288462625274737
2017-05-12_cell_19,Batch 1,5.4C(70%)-3C,691.0,Valid (Batch 1 Hold-out),651.3164101527872,-39.68358984721283,5.742921830276821
2017-05-12_cell_29,Batch 1,6C(50%)-3C,860.0,Valid (Batch 1 Hold-out),820.3054411875695,-39.6945588124305,4.61564637353843
2017-05-12_cell_27,Batch 1,6C(40%)-3.6C,870.0,Valid (Batch 1 Hold-out),833.8991419979243,-36.10085800207571,4.149523908284564
2017-05-12_cell_3,Batch 1,3.6C(80%)-3.6C,1177.0,Valid (Batch 1 Hold-out),1224.2109573284108,47.210957328410814,4.011126366050196
2017-05-12_cell_1,Batch 1,3.6C(80%)-3.6C,1190.0,Valid (Batch 1 Hold-out),1220.7888563731292,30.788856373129192,2.587298854884806
2017-05-12_cell_28,Batch 1,6C(40%)-3.6C,842.0,Valid (Batch 1 Hold-out),822.9333548759032,-19.066645124096794,2.2644471643820423
