cell_key,cell_index,batch,batch_date,cycle_life,policy_readable,first_stage_c_rate,max_c_rate,initial_QDischarge,QDischarge_mean_100,QDischarge_cycle100_minus_cycle10,IR_mean_100,temperature_slope_100,chargetime_mean_100,dq_mean,dq_std,dq_min,dq_range,dq_kurtosis
2017-05-12_cell_1,0,Batch 1,2017-05-12,1190.0,3.6C(80%)-3.6C,3.6,3.6,1.0706892,1.0805965747474746,0.0013753000000000792,0.01664332204040404,-0.0011927638318634149,13.384230505050484,-0.0028734152246919164,0.0031101886660313154,-0.008459642934268818,0.009227573611762963,-1.3490537176384803
2017-05-12_cell_2,1,Batch 1,2017-05-12,1179.0,3.6C(80%)-3.6C,3.6,3.6,1.0753012,1.0812468797979797,0.000853100000000051,0.016921770387755098,-0.003096363028885098,13.374696464646446,-0.00409961462134519,0.003113418110241732,-0.011003816596621974,0.010915812084054398,-1.0282560836861823
2017-05-12_cell_3,2,Batch 1,2017-05-12,1177.0,3.6C(80%)-3.6C,3.6,3.6,1.0799223,1.0853711969696969,0.001158699999999957,0.016768978602040817,-0.003093770124428056,13.378886329966337,-0.004486734282886989,0.004282697351706903,-0.017216391849644463,0.01722891590148375,0.3564103836951258
2017-05-12_cell_4,3,Batch 1,2017-05-12,1226.0,4C(80%)-4C,4.0,4.0,1.0797229,1.0849489696969699,0.00044200000000005346,0.016310912734693876,-0.002254112710416489,12.053277171717166,-0.007455784700018413,0.006010499650687977,-0.018960539773269502,0.01914257986452534,-1.0948886272634752
2017-05-12_cell_5,4,Batch 1,2017-05-12,1227.0,4C(80%)-4C,4.0,4.0,1.0784167,1.082843531313131,0.0006920999999999733,0.016668886163265305,-0.0004871836229025193,12.053313636363642,-0.005750008121960181,0.004746193341712184,-0.013957995093677344,0.014003530239555487,-1.3344997340040674
2017-05-12_cell_6,5,Batch 1,2017-05-12,1074.0,4.4C(80%)-4.4C,4.4,4.4,1.0761266,1.0803274434343435,-0.0003965999999999692,0.016270388575757577,0.0009423509569222833,15.07576803030309,-0.01107391297973859,0.008142884490660574,-0.025178778949337288,0.025415890215258904,-1.227662237838569
2017-05-12_cell_7,6,Batch 1,2017-05-12,636.0,4.8C(80%)-4.8C,4.8,4.8,1.0758358,1.0809117848484848,-0.0018586000000000436,0.01667571006122449,-0.0010014394109000677,10.04485760942758,-0.015965056248274823,0.013055042974628193,-0.03788603931347978,0.037948073595324164,-1.2382587204379378
2017-05-12_cell_8,7,Batch 1,2017-05-12,870.0,4.8C(80%)-4.8C,4.8,4.8,1.0938644,1.0969264323232324,-0.0018245000000001177,0.016213918408163264,-0.0004777659306105842,10.044094528619514,-0.016645727245619735,0.012401499989028151,-0.03823338650707442,0.03809333050773956,-1.1201347364663354
2017-05-12_cell_9,8,Batch 1,2017-05-12,879.0,5.4C(40%)-3.6C,5.4,5.4,1.0899748,1.0947719373737375,-3.7999999999982492e-06,0.016711705707070708,0.00016473449050301503,11.24361163299663,-0.012818967232022799,0.009991252887757006,-0.030807702259195047,0.03081605713139243,-1.202586455449319
2017-05-12_cell_10,9,Batch 1,2017-05-12,1054.0,5.4C(40%)-3.6C,5.4,5.4,1.0829742,1.0876998484848484,0.0009996999999999368,0.01683536523232323,0.0008416797575471224,11.241857609427619,-0.011510600568480111,0.009343840513066387,-0.028724475696229934,0.028686854755024357,-1.1820789770425482
2017-05-12_cell_11,10,Batch 1,2017-05-12,906.0,5.4C(50%)-3C,5.4,5.4,1.0752757,1.0817046181818184,0.0021002000000001075,0.01656396842857143,-0.0006331939790552819,11.688040235690274,-0.010668007843734223,0.009748340329055891,-0.026992931922526497,0.027114246960028718,-1.2878931051207343
2017-05-12_cell_12,11,Batch 1,2017-05-12,788.0,5.4C(50%)-3C,5.4,5.4,1.0537786,1.060083885858586,0.0018716000000000843,0.016200727826530613,-0.00047382693352640467,11.684114427609464,-0.008378205102529986,0.008448293450798998,-0.023691513033622602,0.024273347276793977,-1.2055809321269422
2017-05-12_cell_13,12,Batch 1,2017-05-12,902.0,5.4C(50%)-3.6C,5.4,5.4,1.077566,1.082155223232323,0.0007700999999999958,0.01643905623232323,0.0013373515293632668,10.68385405723906,-0.011237958333707347,0.008662074833908568,-0.027438869587688153,0.027430757030348297,-1.1269864367438225
2017-05-12_cell_14,13,Batch 1,2017-05-12,897.0,5.4C(50%)-3.6C,5.4,5.4,1.0797893,1.0842732373737374,-4.8000000000048004e-05,0.01703655094949495,0.0010452261677626955,10.685353013468022,-0.013148734381658471,0.009467035966586568,-0.029137075239816568,0.02896736491794089,-1.2552082808461886
2017-05-12_cell_15,14,Batch 1,2017-05-12,880.0,5.4C(60%)-3C,5.4,5.4,1.0709661,1.0761029171717171,0.000999500000000042,0.016975001838383838,-3.183437471254787e-05,14.925935387205387,-0.011946218223467892,0.009488167346136016,-0.0282939556930506,0.028284624567534566,-1.3138531884610862
2017-05-12_cell_16,15,Batch 1,2017-05-12,719.0,5.4C(60%)-3C,5.4,5.4,1.0611236,1.0676568858585858,0.001147500000000079,0.016839986434343434,0.0022039629607717268,14.92770846801342,-0.011013089313180444,0.009800375237336815,-0.02894455469678503,0.028815176320541133,-1.250706764536174
2017-05-12_cell_17,16,Batch 1,2017-05-12,862.0,5.4C(60%)-3.6C,5.4,5.4,1.0811664,1.0864695565656566,0.0005359000000000336,0.016697524142857145,0.0028603764372183444,10.12547436026938,-0.012403806163792485,0.008922990244351715,-0.027606674842371115,0.027510306861823347,-1.2282369894171317
2017-05-12_cell_18,17,Batch 1,2017-05-12,857.0,5.4C(60%)-3.6C,5.4,5.4,1.072052,1.0771062363636363,0.0012254000000000431,0.016676227535353534,0.0019483041379484201,10.13811205387206,-0.013343115757399526,0.01035470022474281,-0.031067967108938555,0.03105212515881919,-1.2911550356460983
2017-05-12_cell_19,18,Batch 1,2017-05-12,691.0,5.4C(70%)-3C,5.4,5.4,1.0661705,1.086443382828283,-0.005023800000000023,0.018004754414141413,0.015283469098475621,9.925956313131316,-0.02070238680333876,0.01496845525007736,-0.04413321540827286,0.04412612538713503,-1.3472611617943193
2017-05-12_cell_20,19,Batch 1,2017-05-12,788.0,5.4C(70%)-3C,5.4,5.4,1.0851147,1.0883684717171715,-0.0015537000000001022,0.01632486908080808,0.0015708294315789227,9.930255336700304,-0.020106274821769736,0.015497578403806353,-0.04589269342650848,0.04591377132187902,-1.275790802665649
2017-05-12_cell_21,20,Batch 1,2017-05-12,534.0,5.4C(80%)-5.4C,5.4,5.4,1.07263,1.0698410858585858,-0.014476399999999945,0.015210366091836734,-0.0011897298219278526,9.027207626262616,-0.03279598300714767,0.020729964137115416,-0.06358042689660326,0.06359885415472463,-1.0720799172814055
2017-05-12_cell_22,21,Batch 1,2017-05-12,559.0,5.4C(80%)-5.4C,5.4,5.4,1.0824388,1.082226497979798,-0.009073200000000003,0.015090236234693875,-0.0026169904643193924,8.987271380471347,-0.030657577112710634,0.021137237640278268,-0.06472026276575493,0.0646818139460485,-1.1427943017089606
2017-05-12_cell_23,22,Batch 1,2017-05-12,891.0,6C(30%)-3.6C,6.0,6.0,1.0793039,1.082979815151515,-0.0009717000000000198,0.0165919733030303,0.0014877664100560752,11.46291215488218,-0.014716371313208602,0.01057141006205482,-0.032147144008991324,0.03202666074528795,-1.278742279663773
2017-05-12_cell_24,23,Batch 1,2017-05-12,1014.0,6C(30%)-3.6C,6.0,6.0,1.0792934,1.0824610575757576,-0.0009636000000001754,0.016824002585858585,0.001412111597273194,11.458691784511789,-0.013340620512360239,0.009545978111708393,-0.029953516931757296,0.029845534824083038,-1.230757025097194
2017-05-12_cell_25,24,Batch 1,2017-05-12,1017.0,6C(40%)-3C,6.0,6.0,1.0745355,1.0780331868686868,-7.259999999997824e-05,0.016587448888888887,0.0014368343732451888,12.128487205387225,-0.013873507013282613,0.010737075181209733,-0.03184213409789827,0.03169190427629811,-1.2745580582630516
2017-05-12_cell_26,25,Batch 1,2017-05-12,854.0,6C(40%)-3C,6.0,6.0,1.0752345,1.078847887878788,-0.0003018999999999661,0.0165961417979798,0.0011354072447955158,12.137498080808081,-0.012406193052887388,0.009688863681954993,-0.02944117289056547,0.029342913477126368,-1.24159957984498
2017-05-12_cell_27,26,Batch 1,2017-05-12,870.0,6C(40%)-3.6C,6.0,6.0,1.0876514,1.0905742878787879,-0.0016640999999999462,0.016285491838383837,0.001791644790262777,10.800664208754247,-0.01785015712562481,0.01266506017256949,-0.03835445363245393,0.03821163580300589,-1.2770522728434992
2017-05-12_cell_28,27,Batch 1,2017-05-12,842.0,6C(40%)-3.6C,6.0,6.0,1.0790461,1.0820360393939392,-0.001266699999999954,0.01609890666666667,0.001926436962100633,10.803712340067367,-0.01551418714665611,0.011840380414145325,-0.03583211964634625,0.036015716200012135,-1.2370075501838729
2017-05-12_cell_29,28,Batch 1,2017-05-12,860.0,6C(50%)-3C,6.0,6.0,1.0777475,1.0806956292929293,-0.0012768000000000779,0.01668003754545454,0.0021357581604555817,11.138253585858592,-0.016698122755162716,0.011963585346691515,-0.03721348031974192,0.03720509993522784,-1.2386730617622315
2017-05-12_cell_30,29,Batch 1,2017-05-12,917.0,6C(50%)-3C,6.0,6.0,1.0794537,1.0827828212121215,-0.00098240000000005,0.016545523626262625,0.0016260999018610145,11.151875336700314,-0.01660052342693117,0.012052479553811803,-0.036868449881918286,0.03701467630390422,-1.2789101808035328
2017-05-12_cell_31,30,Batch 1,2017-05-12,709.0,6C(50%)-3.6C,6.0,6.0,1.0798637,1.0828237171717172,-0.001953399999999883,0.01600942625252525,0.00201464718297965,10.124524292929316,-0.017719122166801278,0.013423558102409727,-0.04081538502439652,0.04076208791560723,-1.227124675794793
2017-05-12_cell_32,31,Batch 1,2017-05-12,876.0,6C(50%)-3.6C,6.0,6.0,1.0946392,1.097068405050505,-0.0027898000000001755,0.016865566141414143,9.084660380662496e-05,10.126957558922545,-0.017983588803246863,0.01292263101271236,-0.03947820648424727,0.03972445798847684,-1.242331646864528
2017-05-12_cell_33,32,Batch 1,2017-05-12,731.0,6C(60%)-3C,6.0,6.0,1.0778366,1.0806714494949494,-0.0016681999999998975,0.016167064252525253,0.00162110021859081,10.129902676767715,-0.020730273837007353,0.015030918062443454,-0.04556628526257467,0.04551627528395315,-1.279842976817654
2017-05-12_cell_34,33,Batch 1,2017-05-12,757.0,6C(60%)-3C,6.0,6.0,1.0924908,1.0954916464646465,-0.002425699999999864,0.016483775656565655,0.0029272580125319432,10.129993047138067,-0.021651569301358076,0.014678729152887022,-0.044901781211682756,0.04484789038394197,-1.2329047019421884
2017-05-12_cell_35,34,Batch 1,2017-05-12,742.0,7C(30%)-3.6C,7.0,7.0,1.0766174,1.0800699888888887,-0.00040940000000011523,0.01685519708080808,0.0026700491704147586,11.035507962962974,-0.016080359430316875,0.011909929134393947,-0.037218141748807665,0.037356484492248786,-1.1797968610755107
2017-05-12_cell_36,35,Batch 1,2017-05-12,703.0,7C(30%)-3.6C,7.0,7.0,1.0707464,1.0745076737373735,-0.00013669999999987859,0.016967092292929295,0.0020724694900716503,11.036444074074083,-0.018223341654084003,0.01299913182815531,-0.039152034335048436,0.03912459530141777,-1.3004232414006436
2017-05-12_cell_37,36,Batch 1,2017-05-12,704.0,7C(40%)-3C,7.0,7.0,1.0778315,1.0812765595959595,-0.001297899999999963,0.016437746262626264,0.0015588667339051841,11.554803670033683,-0.02104235085802675,0.014637489097021601,-0.044621405961221994,0.04460788210743549,-1.2881673796733442
2017-05-12_cell_38,37,Batch 1,2017-05-12,648.0,7C(40%)-3C,7.0,7.0,1.0748194,1.0780300424242424,-0.001513400000000109,0.01654642202020202,0.0020901040559319637,11.561455202020227,-0.019436824634916583,0.014562898051922377,-0.044544784957630146,0.04436666641894167,-1.2640908185005564
2017-05-12_cell_39,38,Batch 1,2017-05-12,617.0,7C(40%)-3.6C,7.0,7.0,1.0729513,1.075801506060606,-0.0010924999999999407,0.01621205696969697,0.0034226778667893845,10.23158840067342,-0.026764193834967424,0.019217335363196496,-0.05641559694699583,0.05650462414602076,-1.3490899349504712
2017-05-12_cell_40,39,Batch 1,2017-05-12,625.0,7C(40%)-3.6C,7.0,7.0,1.0817773,1.085658998989899,-0.0008420000000000094,0.016691104555555555,0.0027577067202921505,10.242025976430945,-0.024440041487006035,0.017699067911816472,-0.053143954091811496,0.05307671496212026,-1.2775748289994968
2017-05-12_cell_41,40,Batch 1,2017-05-12,966.0,8C(15%)-3.6C,8.0,8.0,1.0833029,1.0869299777777777,-0.0014332999999999707,0.01667927321212121,0.001287985925721712,12.087224326599337,-0.012628807847703542,0.009388817629533258,-0.02909570881628587,0.029083650304368124,-1.2416999273444589
2017-05-12_cell_42,41,Batch 1,2017-05-12,1051.0,8C(15%)-3.6C,8.0,8.0,1.0789614,1.082886786868687,-0.0005790000000001072,0.016744890505050507,0.0012078858606857608,12.091290892255918,-0.012358568562846162,0.009214255940467138,-0.02850629135902205,0.028528475303612945,-1.243162375916453
2017-05-12_cell_43,42,Batch 1,2017-05-12,702.0,8C(25%)-3.6C,8.0,8.0,1.0798725,1.083889183838384,-0.0004695000000001226,0.01671562283838384,0.0028638610684102147,11.178124326599383,-0.020599210252813277,0.01469905325127921,-0.04470964572873015,0.044499208724973274,-1.316822776560952
2017-05-12_cell_44,43,Batch 1,2017-05-12,651.0,8C(25%)-3.6C,8.0,8.0,1.0682389,1.070522194949495,-0.002598499999999948,0.016104855565656565,0.0018271203827821439,11.17782324915825,-0.019165626778476195,0.0146665416562745,-0.044605890152637384,0.044566484417772445,-1.3031252334495718
2017-05-12_cell_45,44,Batch 1,2017-05-12,616.0,8C(35%)-3.6C,8.0,8.0,1.0847682,1.0868420717171718,-0.0035061000000000675,0.01741384996969697,0.0032443610134104232,10.258049427609434,-0.029329092901317067,0.019492487010423103,-0.05879707165403769,0.058634621299613214,-1.2897302250573996
2017-05-12_cell_46,45,Batch 1,2017-05-12,599.0,8C(35%)-3.6C,8.0,8.0,1.0839558,1.0871594505050506,-0.0016899999999999693,0.016674251585858585,0.004251037202135033,10.257274326599303,-0.02886609052113574,0.01938970215948092,-0.059403509916114317,0.05950922713682378,-1.2807934030262746
2018-02-20_cell_1,0,Batch 2,2018-02-20,477.0,5.2C(58%)-4C,5.2,5.2,1.1020051,1.105088570707071,0.0015544999999999032,0.017335808494949492,0.0003983798033298262,10.17325806397317,-0.025801000173386008,0.018054474729491392,-0.055061277717081025,0.05496606417300808,-1.2427805311018723
2018-02-20_cell_2,1,Batch 2,2018-02-20,491.0,5.6C(26%)-4.5C,5.6,5.6,1.1057826,1.1049235595959594,-0.006769200000000142,0.01755231991919192,0.0008268590581589255,10.198514225589118,-0.035595007639683186,0.022448719486809404,-0.0661147205894651,0.06618580614558146,-1.1588961042902888
2018-02-20_cell_3,2,Batch 2,2018-02-20,424.0,5.2C(50%)-4.25C,5.2,5.2,1.0753863,1.0746630466666667,-0.005759800000000093,0.01646109804040404,-0.0014325295130989252,10.17503702020208,-0.025013386420214043,0.01862486241950328,-0.052717818544041395,0.05262433151258172,-1.4047752618060978
2018-02-20_cell_4,3,Batch 2,2018-02-20,499.0,4.65C(44%)-5C,4.65,5.0,1.0959566,1.1014852565656565,0.001900600000000141,0.01591516953535354,-0.0009695041793920348,10.173178956229002,-0.020089882918698704,0.017868815201419887,-0.05586845261151374,0.05583241287019599,-0.8113184735348473
2018-02-20_cell_5,4,Batch 2,2018-02-20,444.0,4.65C(69%)-6C,4.65,6.0,1.0899745,1.0859254535353535,-0.009355000000000002,0.016186317888888888,-0.0034139711853022957,10.231960420875373,-0.034781796484889084,0.024208275311539497,-0.07029720690084085,0.07042746452492928,-1.302863433688455
2018-02-20_cell_6,5,Batch 2,2018-02-20,416.0,3.6C(30%)-6C,3.6,6.0,1.0989141,1.0879375151515152,-0.02270519999999987,0.015297588929292928,0.001284922853352211,10.198699713804725,-0.04648540460048997,0.028660013705642202,-0.08615002847927744,0.08617923490217896,-1.036744735361188
2018-02-20_cell_7,6,Batch 2,2018-02-20,393.0,3.6C(9%)-5C,3.6,5.0,1.0885617,1.0929755737373739,0.00025420000000009324,0.016037468727272727,0.002548638437165047,10.17931370370378,-0.02082479246051704,0.017186894560587668,-0.04987247893740465,0.04993301501751011,-1.215345240498726
2018-02-20_cell_8,7,Batch 2,2018-02-20,777.0,4.8C(80%)-4.8C-newstructure,4.8,4.8,1.0904776,1.0930350373737374,0.00692769999999987,0.014790622575757575,-0.0004455966935297088,10.035777525252517,-0.008823099834708447,0.00766270684542111,-0.021737979924043582,0.021920137620199717,-1.3272708175509857
2018-02-20_cell_9,8,Batch 2,2018-02-20,904.0,5.2C(58%)-4C-newstructure,5.2,5.2,1.0906329,1.0901590962626262,-0.0007699999999999374,0.016466365090909093,-0.0020620525142288236,10.03986983164983,-0.011203415580045945,0.008892134349308448,-0.027841110945332148,0.027921056912021795,-0.9497791877631392
2018-02-20_cell_10,9,Batch 2,2018-02-20,791.0,5.6C(26%)-4.5C-newstructure,5.6,5.6,1.0949715,1.0975024424242423,-0.0010336999999998042,0.015396235121212121,-0.002917387192367526,10.039928501683493,-0.007446960333569007,0.0067298349705290994,-0.019754152325308416,0.02739549526671184,-0.7618914639490719
2018-02-20_cell_11,10,Batch 2,2018-02-20,492.0,4.8C(80%)-4.8C,4.8,4.8,1.1092782,1.1111783965656563,0.006365199999999849,0.01705791890909091,-0.0006214004294438196,10.169499612794551,-0.02952029629956943,0.018826396420971843,-0.05580244986198335,0.0557649949683685,-1.2440205684730181
2018-02-20_cell_12,11,Batch 2,2018-02-20,449.0,5.2C(50%)-4.25C,5.2,5.2,1.0959171,1.1010659737373738,0.010471899999999978,0.01721894155555555,-0.003483762356245262,10.173883215488235,-0.024012633467613776,0.018093419203139786,-0.05489875594719695,0.054827936721698584,-1.2403560236213387
2018-02-20_cell_13,12,Batch 2,2018-02-20,466.0,4.65C(44%)-5C,4.65,5.0,1.1016457,1.104144308080808,0.0038705999999999463,0.01652292034343434,-0.003381555191832864,10.174858552188601,-0.03939759227215439,0.026075525637443326,-0.07733124344865683,0.07735684310253231,-1.240976123167642
2018-02-20_cell_14,13,Batch 2,2018-02-20,460.0,4.65C(69%)-6C,4.65,6.0,1.0954365,1.0949361080808082,-0.001671499999999826,0.016067178222222225,-0.0019833441234308083,10.214119579124512,-0.0340700221226121,0.021281066799984757,-0.06467448840609535,0.06469506143568464,-1.0954799668026238
2018-02-20_cell_15,14,Batch 2,2018-02-20,426.0,3.6C(30%)-6C,3.6,6.0,1.0844886,1.0792566424242422,-0.007291900000000018,0.016259522828282826,-0.0006590124443500418,49.87950749158258,-0.04455576451036339,0.027603062753729733,-0.0837144352028476,0.08352005982429006,-1.0879924192588737
2018-02-20_cell_16,15,Batch 2,2018-02-20,396.0,3.6C(9%)-5C,3.6,5.0,1.0697494,1.0750435303030301,0.0058939000000000075,0.016303822929292926,-0.0010164136633246733,10.173053501683547,-0.024135288352654265,0.017461891785815278,-0.05093467639415561,0.050832141831514764,-1.3942615560836726
2018-02-20_cell_17,16,Batch 2,2018-02-20,472.0,4.8C(80%)-4.8C,4.8,4.8,1.0945363,1.0970297515151517,-0.0024861000000000466,0.01749052915151515,0.0012665314491627725,10.171620942760958,-0.026244652410942607,0.01789685666840979,-0.0532543676756424,0.053066037269337375,-1.2973434555142416
2018-02-20_cell_18,17,Batch 2,2018-02-20,471.0,5.6C(26%)-4.5C,5.6,5.6,1.0917177,1.0939235666666667,0.0018574999999998454,0.017088656323232324,0.0003509859156643175,10.181222777777869,-0.024346340387445996,0.017784644631892325,-0.05256239657553352,0.05247643936000629,-1.2845746789135757
2018-02-20_cell_19,18,Batch 2,2018-02-20,449.0,5.2C(50%)-4.25C,5.2,5.2,1.0756292,1.0825073353535357,0.007177800000000012,0.016646742727272724,0.0009009528357844563,10.174147626262663,-0.016640891110932497,0.014014121802268523,-0.03974566910430133,0.03986173198980093,-1.447647356324837
2018-02-20_cell_20,19,Batch 2,2018-02-20,392.0,6C(60%)-3C,6.0,6.0,1.0902406,1.094755986868687,0.0006085999999998482,0.016718258151515154,0.0008017387789143996,10.173763619528666,-0.03430820779792184,0.022606756349940204,-0.06565175087353758,0.0657146614159786,-1.2824483398052942
2018-02-20_cell_21,20,Batch 2,2018-02-20,489.0,5.2C(58%)-4C,5.2,5.2,1.0977259,1.1000841181818182,0.0038581999999998118,0.016610858888888892,-0.0011291159801001189,49.79333134680135,-0.024435139451588442,0.01903551101879336,-0.06050408803806073,0.06030725970510947,-0.957458621386396
2018-02-20_cell_22,21,Batch 2,2018-02-20,408.0,6C(60%)-3C,6.0,6.0,1.0985936,1.1011154092929292,-0.002316299999999938,0.017200276171717172,0.0036937433706553226,10.174732340067363,-0.03328855261100499,0.021720895104392113,-0.06446758204398206,0.06432652625538615,-1.251398903580841
2018-02-20_cell_23,22,Batch 2,2018-02-20,,VarCharge-2C-100cycles,2.0,2.0,1.0913191,1.1021826104040404,-0.009375200000000028,0.021770682,-0.0029679960939321334,33.66724856902348,-0.002618816303222525,0.0047822569345211145,-0.006779169322993939,0.022815998040478513,2.3109976015552753
2018-02-20_cell_24,23,Batch 2,2018-02-20,,VarCharge-4C-100cycles,4.0,4.0,1.0904602,1.0962064574747474,-0.016581300000000132,0.021160888999999992,-0.00153700341555814,21.78754757575758,-0.011590160361131023,0.006638808132187672,-0.01921756649136097,0.019536944108186745,-0.6049483908128916
2018-02-20_cell_25,24,Batch 2,2018-02-20,514.0,4.8C(80%)-4.8C,4.8,4.8,1.0923017,1.0963041979797978,0.00628659999999992,0.01651537671717172,0.0005832835190447013,10.16999885521886,-0.02277147977476359,0.015127759860142146,-0.04572997432532899,0.04579419772499313,-1.2471731454063106
2018-02-20_cell_26,25,Batch 2,2018-02-20,493.0,5.2C(58%)-4C,5.2,5.2,1.098838,1.1022470464646466,0.005356099999999975,0.01674041588888889,-0.0018473401759597477,10.172931649831627,-0.023610982444417374,0.017099298385116007,-0.05050846489030969,0.05046312427120549,-1.35463427565552
2018-02-20_cell_27,26,Batch 2,2018-02-20,450.0,5.6C(26%)-4.5C,5.6,5.6,1.1043522,1.10416721010101,4.099999999995774e-05,0.017700572575757578,-0.027773801627064137,49.8213119360269,-0.03803854165400029,0.024501374697599825,-0.0733087791289827,0.07329416425870384,-1.1876472544640768
2018-02-20_cell_28,27,Batch 2,2018-02-20,474.0,5.2C(50%)-4.25C,5.2,5.2,1.0925682,1.0985360303030303,0.006948799999999977,0.01758869122222222,0.00048246444088914317,10.17464639730628,-0.02468392780224258,0.01807654553240038,-0.05449125756065937,0.05445199616816122,-1.3560947854988492
2018-02-20_cell_29,28,Batch 2,2018-02-20,437.0,4.8C(80%)-4.8C,4.8,4.8,1.0904486,1.095054122222222,0.005930200000000108,0.016274739303030306,-0.0012704444258600023,49.80539951178444,-0.027989332592662373,0.01943173912409744,-0.05649138678277321,0.05647466163658005,-1.392138243417447
2018-02-20_cell_30,29,Batch 2,2018-02-20,452.0,5.2C(58%)-4C,5.2,5.2,1.1032062,1.1100257606060604,0.010227500000000056,0.016732251515151515,-0.0012694156955586479,10.173048585858563,-0.02532223237657199,0.017623540720944107,-0.05263352953614442,0.05255796378149183,-1.3430500468275348
2018-02-20_cell_31,30,Batch 2,2018-02-20,412.0,5.6C(26%)-4.5C,5.6,5.6,1.0946374,1.0929829222222223,-0.005918899999999949,0.016883249333333333,0.0008736591095676283,49.82939452861952,-0.03965588948997046,0.025557153196441446,-0.07552303651130998,0.07553980531115281,-1.2012605620325187
2018-02-20_cell_32,31,Batch 2,2018-02-20,425.0,5.6C(26%)-4.5C,5.6,5.6,1.0990092,1.0998533494949494,0.002072800000000097,0.016325805828282827,-0.0021552608606505664,10.194512441077386,-0.030624456764042955,0.021088118830245247,-0.06422883358208353,0.06469781958678031,-1.1693178938330255
2018-02-20_cell_33,32,Batch 2,2018-02-20,809.0,4.8C(80%)-4.8C-newstructure,4.8,4.8,1.0881557,1.0900473909090909,-0.003806299999999929,0.014811171424242424,-0.000671957536728045,49.67143777777785,-0.013389939833647101,0.008599717368583275,-0.02746120651303563,0.027403065642936507,-0.9709326905741698
2018-02-20_cell_34,33,Batch 2,2018-02-20,1140.0,5.2C(58%)-4C-newstructure,5.2,5.2,1.0732747,1.0705903191919193,-0.005766399999999949,0.014990987444444446,0.0009455847297936387,10.03956353535346,-0.011579541007786182,0.007663075354951408,-0.024084742136216253,0.026478386234814924,-0.9750234294201907
2018-02-20_cell_35,34,Batch 2,2018-02-20,1186.0,5.6C(26%)-4.5C-newstructure,5.6,5.6,1.0671737,1.0671324676767675,-0.0043455999999999495,0.01495288393939394,0.0019776091388613317,49.6776396632997,-0.008120054579074073,0.005969317364984292,-0.01914294964399932,0.020477001530586583,-0.8858320720177963
2018-02-20_cell_36,35,Batch 2,2018-02-20,,VarCharge-6C-100cycles,6.0,6.0,1.0689886,1.0564124238383839,-0.03594419999999987,0.020666520999999993,4.247810409270548e-05,17.708760673400665,-0.044821244304517734,0.024590240452744883,-0.07570840765806064,0.07592093106191196,-0.5280191417600006
2018-02-20_cell_37,36,Batch 2,2018-02-20,,VarCharge-8C-100cycles,8.0,8.0,1.0722352,1.0431138077777777,-0.06289379999999989,0.02033557,0.002461469313466718,16.394327962962983,-0.08442876531435932,0.04547349675259866,-0.1360257368450053,0.13603184528588125,-0.4847785003483276
2018-02-20_cell_38,37,Batch 2,2018-02-20,,3.6C(80%)-3.6C(SLOWCYCLE,3.6,3.6,1.0834186,1.0951420817171718,1.0824838,0.017241923626262628,-0.0018143281723913632,18.21994124579139,-0.0029820466170849703,0.004120138474595078,-0.028681743378075525,0.02872699701102338,19.516484528963108
2018-02-20_cell_39,38,Batch 2,2018-02-20,,4.8C(80%)-4.8C(SLOWCYCLE,4.8,4.8,1.0843664,1.0949971717171716,1.0762544,0.01658499318181818,0.025054663226018813,14.917342457912511,-0.013148209711945616,0.0078080417832118686,-0.03614952540357205,0.03598821239499639,-0.2890409403255605
2018-02-20_cell_40,39,Batch 2,2018-02-20,,3.6C(9%)-5C(SLOWCYCLE,3.6,5.0,1.072063,1.0819322909090907,1.0532462,0.016808221434343434,0.001821995563760111,14.922638872053804,-0.03455301965015995,0.02084133379183266,-0.06095179783518334,0.06076094606584065,-1.06956669893821
2018-02-20_cell_41,40,Batch 2,2018-02-20,,5.2C(58%)-4C(SLOWCYCLE,5.2,5.2,1.0839667,1.0964519373737374,1.0758262,,0.0001829284368324349,54.54489562289566,-0.02547583082825176,0.01586476406234525,-0.048163210220580344,0.04812853395733836,-1.0950510183408946
2018-02-20_cell_42,41,Batch 2,2018-02-20,442.0,5.6C(26%)-4.5C,5.6,5.6,1.1049188,1.1059561515151515,0.003105399999999925,,-0.0037674534375230083,49.81976715488214,-0.037768291495701274,0.0259438455850183,-0.08093104924483763,0.08088470438868473,-1.147794609736286
2018-02-20_cell_43,42,Batch 2,2018-02-20,474.0,5.2C(50%)-4.25C,5.2,5.2,1.1024443,1.107131119191919,0.00849040000000012,,-0.001515112728063347,10.175111565656564,-0.02934071492636848,0.018151956072171665,-0.054167624970645756,0.0541331166345867,-1.1696552749695304
2018-02-20_cell_44,43,Batch 2,2018-02-20,1029.0,4.8C(80%)-4.8C-newstructure,4.8,4.8,1.0974334,1.0986638707070708,-0.0031058000000001584,,0.008747506929828836,10.036751245791278,-0.00777834835139346,0.007316886050041782,-0.019164842112240565,0.029295348950407307,-0.7817920466084418
2018-02-20_cell_45,44,Batch 2,2018-02-20,841.0,5.2C(58%)-4C-newstructure,5.2,5.2,1.09659,1.0976287414141412,-0.0010189000000000448,,0.002603781785612293,49.66138013468012,-0.008750572617170911,0.006575904776824385,-0.020302277620516618,0.02040897788452361,-1.106403239142095
2018-02-20_cell_46,45,Batch 2,2018-02-20,997.0,5.6C(26%)-4.5C-newstructure,5.6,5.6,1.1030351,1.1012188434343433,-0.0035545999999999633,,-0.002146182969037703,10.040190555555519,-0.011157666285585534,0.00817729718182962,-0.026670418787086536,0.026718036795848936,-0.9291173231805274
2018-02-20_cell_47,46,Batch 2,2018-02-20,503.0,4.8C(80%)-4.8C,4.8,4.8,1.100943,1.102562018181818,-0.001817100000000016,,0.000526922378302124,49.80284373737375,-0.02283429863191323,0.01761082451312486,-0.05286240500828243,0.05502433843222826,-1.2034508123030656
2018-04-12_cell_1,0,Batch 3,2018-04-12,1009.0,5C(67%)-4C-newstructure,5.0,5.0,1.0674551,1.0703864353535353,-0.0009647000000001515,0.015235852282828284,0.002535310618413506,10.042610084175084,-0.01010217739369119,0.007545010017569071,-0.02331165742747432,0.023353609338209153,-1.1717402871368614
2018-04-12_cell_2,1,Batch 3,2018-04-12,1063.0,5.3C(54%)-4C-newstructure,5.3,5.3,1.0650603,1.0677216717171716,-0.001784299999999961,0.014984559090909092,0.004311537172627249,10.041381363636303,-0.009621018929360837,0.007201880330726357,-0.022324177554068236,0.02217206201384168,-1.1236104130337805
2018-04-12_cell_3,2,Batch 3,2018-04-12,1267.0,5.6C(19%)-4.6C-newstructure,5.6,5.6,1.060818,1.0620735151515153,-0.0021739999999998982,0.014618566616161614,0.009205458310561477,10.043663265993228,-0.0026131423354832516,0.004078748817876315,-0.008648038341613706,0.019172275347492718,1.9868579988438677
2018-04-12_cell_4,3,Batch 3,2018-04-12,1115.0,5.6C(36%)-4.3C-newstructure,5.6,5.6,1.0628892,1.0646530202020204,-0.0015107999999999233,0.014999963767676767,0.002560455813829293,10.041502946127975,-0.010705414352713173,0.00874809258444761,-0.026836614735112785,0.026909161099029674,-1.0194973062739443
2018-04-12_cell_5,4,Batch 3,2018-04-12,1048.0,5.6C(19%)-4.6C-newstructure,5.6,5.6,1.0724765,1.0745377696969698,-0.0006804999999998618,0.015129103909090906,0.002378682194931803,10.045573973063998,-0.01010643886890673,0.008146750563285355,-0.024810275761238065,0.024761368718802232,-1.1076539445166191
2018-04-12_cell_6,5,Batch 3,2018-04-12,828.0,5.6C(36%)-4.3C-newstructure,5.6,5.6,1.0514506,1.0531571414141414,-0.0018407000000000284,0.01518261805050505,0.006820399183760005,10.042010656565727,-0.011445765437692483,0.008770114603017262,-0.025445098246365427,0.025658176975653944,-1.2851521427273793
2018-04-12_cell_7,6,Batch 3,2018-04-12,667.0,3.7C(31%)-5.9C-newstructure,3.7,5.9,1.0626124,1.053759712121212,-0.01867390000000002,0.013730660939393938,0.0018376703831055343,10.080923367003404,-0.028517561100453784,0.017272816506029073,-0.05320164659124538,0.053458852438885686,-0.8654053648248254
2018-04-12_cell_8,7,Batch 3,2018-04-12,1836.0,4.8C(80%)-4.8C-newstructure,4.8,4.8,1.0675218,1.0701774252525253,-0.0018107999999998903,0.015428265515151515,0.0017516854935778546,11.040740218855252,-0.007037779014879844,0.0056996234143197495,-0.017059021835070354,0.01722514655484607,-1.2007655064954617
2018-04-12_cell_9,8,Batch 3,2018-04-12,828.0,5C(67%)-4C-newstructure,5.0,5.0,1.0647362,1.068006090909091,-0.0009093000000000018,0.015253319353535355,0.002907529599088161,10.043270673400722,-0.011806368426415048,0.00900151018395605,-0.026848970612832312,0.026852867076833743,-1.2795482925833035
2018-04-12_cell_10,9,Batch 3,2018-04-12,1039.0,5.3C(54%)-4C-newstructure,5.3,5.3,1.0694826,1.0728593262626263,-0.00033180000000010423,0.0157985837979798,0.0022612551246149804,10.04115065656567,-0.01447801181075607,0.010211011830874906,-0.0295752747869662,0.029403292574443962,-1.34795260757913
2018-04-12_cell_11,10,Batch 3,2018-04-12,1078.0,4.8C(80%)-4.8C-newstructure,4.8,4.8,1.0617746,1.06437858989899,-0.0019160000000000288,0.01537307471717172,0.002151400048786905,11.039443922558931,-0.008335183582489896,0.006230735190056073,-0.019093025885229542,0.019023397179863667,-1.1918321246496775
2018-04-12_cell_12,11,Batch 3,2018-04-12,817.0,5.6C(19%)-4.6C-newstructure,5.6,5.6,1.0680679,1.0698276717171717,-0.002304900000000165,0.015524714272727273,0.0034921414339027707,10.042466936026983,-0.015620691175653465,0.011422381827001437,-0.034087374997818,0.034249514050326675,-1.2659331408130914
2018-04-12_cell_13,12,Batch 3,2018-04-12,932.0,5.6C(36%)-4.3C-newstructure,5.6,5.6,1.0741653,1.0763353797979798,-0.001004299999999958,0.016047835363636364,0.002823497526791735,10.042442037037002,-0.01531489306361951,0.010637076129160946,-0.03173492178819726,0.03163397856885497,-1.283786871273126
2018-04-12_cell_14,13,Batch 3,2018-04-12,816.0,5.6C(19%)-4.6C-newstructure,5.6,5.6,1.065558,1.0687136323232325,-0.0016103999999999008,0.015128562717171716,0.0034957775010219685,10.042358249158227,-0.01176548019743392,0.008973957599512212,-0.027646083960900736,0.02750631304238666,-1.197926125427378
2018-04-12_cell_15,14,Batch 3,2018-04-12,858.0,5.6C(36%)-4.3C-newstructure,5.6,5.6,1.0727056,1.077015806060606,7.359999999989597e-05,0.015551921989898992,0.0024253202603868856,10.041858265993287,-0.013203557332650977,0.010008832203130926,-0.029282360362737236,0.029370129460550502,-1.320435758817018
2018-04-12_cell_16,15,Batch 3,2018-04-12,876.0,5.9C(15%)-4.6C-newstructure,5.9,5.9,1.0684187,1.070546722222222,-0.001545099999999966,0.015306011222222221,0.0037009227487275415,10.04163658249164,-0.013340330831580071,0.009997123216880795,-0.02948434500233621,0.02958264010930679,-1.284685919739136
2018-04-12_cell_17,16,Batch 3,2018-04-12,1638.0,4.8C(80%)-4.8C-newstructure,4.8,4.8,1.061009,1.0635088555555554,-0.0010419999999999874,0.015311050717171716,0.0036049041817695793,11.040587407407404,-0.005323302354980101,0.004497389546954566,-0.013451995639618852,0.018022249943063923,-0.8870677650406327
2018-04-12_cell_18,17,Batch 3,2018-04-12,1315.0,5.3C(54%)-4C-newstructure,5.3,5.3,1.0664514,1.067047807070707,-0.002462699999999929,0.015443586646464644,0.006467943204970573,10.042102811447801,-0.007236216829825155,0.006030602674896194,-0.017882391550413823,0.024600330209486293,-0.8133079308654185
2018-04-12_cell_19,18,Batch 3,2018-04-12,1146.0,5.6C(19%)-4.6C-newstructure,5.6,5.6,1.0680237,1.0688689090909091,-0.003002799999999972,0.015015526535353539,0.0049502338111473915,10.04310829966328,-0.010342257243667845,0.007467775530930655,-0.02345576998165999,0.023364301968828965,-1.056404025068999
2018-04-12_cell_20,19,Batch 3,2018-04-12,1155.0,5.6C(36%)-4.3C-newstructure,5.6,5.6,1.0719248,1.0727208262626262,-0.003026999999999891,0.01546349318181818,0.0044701652191714335,10.043189629629584,-0.011545479663150093,0.00820816954615991,-0.025293657704202555,0.02529903884756975,-1.1114371280512236
2018-04-12_cell_21,20,Batch 3,2018-04-12,813.0,5C(67%)-4C-newstructure,5.0,5.0,1.0650502,1.067449897979798,-0.0010921000000001513,0.015263322232323233,0.002921413110004231,10.043380471380493,-0.011919383387319954,0.009269256693737016,-0.028071993572476917,0.02804358236092874,-1.1827117470496011
2018-04-12_cell_22,21,Batch 3,2018-04-12,772.0,3.7C(31%)-5.9C-newstructure,3.7,5.9,1.0678563,1.0619781898989897,-0.01478619999999986,0.014093014131313133,0.007020306514687238,10.079161515151517,-0.02353870422305198,0.014062220807502565,-0.04327614857800555,0.043330302077094374,-0.8443092008291799
2018-04-12_cell_23,22,Batch 3,2018-04-12,1002.0,5.9C(60%)-3.1C-newstructure,5.9,5.9,1.0562643,1.0581549232323233,-0.0015982999999999414,0.015685687353535354,0.005335999445787734,10.04255023569017,-0.013722550516362944,0.009479950231172719,-0.028409329718630083,0.028350329290304406,-1.2693173273755014
2018-04-12_cell_24,23,Batch 3,2018-04-12,,4.8C(80%)-4.8C-newstructure,4.8,4.8,1.0661554,1.0681112222222222,-0.0014676000000000133,0.01526148087878788,0.0023852526538119517,11.038375218855206,-0.006808658684372332,0.005349611931627546,-0.01560831972082899,0.020899104160074233,-1.037064779154986
2018-04-12_cell_25,24,Batch 3,2018-04-12,825.0,5C(67%)-4C-newstructure,5.0,5.0,1.0462732,1.050441208080808,0.00012279999999997848,0.015554037858585858,0.0033415646223982783,10.041832441077416,-0.010345482795288031,0.008367385120450026,-0.0247723986145858,0.024686385829773165,-1.2621601760714556
2018-04-12_cell_26,25,Batch 3,2018-04-12,989.0,5.3C(54%)-4C-newstructure,5.3,5.3,1.0611302,1.0648225050505051,0.00016020000000005474,0.015641851515151513,0.0034211679693565106,10.042413013468028,-0.010925821646167616,0.008451560088115914,-0.026576249209760316,0.026477857134395957,-1.0726964855606762
2018-04-12_cell_27,26,Batch 3,2018-04-12,1028.0,5.6C(19%)-4.6C-newstructure,5.6,5.6,1.0720186,1.075112296969697,-0.0005151999999999379,0.015593572727272726,0.0038869247615955357,10.042290858585826,-0.01013959278346487,0.00777076094757936,-0.02417913926788795,0.024232295776403096,-1.059780489595083
2018-04-12_cell_28,27,Batch 3,2018-04-12,850.0,5.6C(36%)-4.3C-newstructure,5.6,5.6,1.0604171,1.0637090626262626,-0.0010832000000000619,0.014919440515151516,0.0034526816835243595,10.045002356902378,-0.01070991087322853,0.008612933626036393,-0.026600290807078597,0.026762821384258343,-1.1137153682223848
2018-04-12_cell_29,28,Batch 3,2018-04-12,541.0,3.7C(31%)-5.9C-newstructure,3.7,5.9,1.0518668,1.0445220202020202,-0.018448300000000195,0.01342088496969697,0.006662588899280481,10.088611986532047,-0.03025611921470947,0.01880997894311775,-0.05783112055064066,0.05786137864693781,-0.9791964721764304
2018-04-12_cell_30,29,Batch 3,2018-04-12,858.0,5.9C(15%)-4.6C-newstructure,5.9,5.9,1.0663688,1.0705002696969699,-0.00021099999999996122,0.014824126747474747,0.0013341576251573446,10.041979612794579,-0.011300575148553208,0.009298849221357382,-0.028921475161164945,0.029164941602425054,-1.1796538473590181
2018-04-12_cell_31,30,Batch 3,2018-04-12,935.0,5.3C(54%)-4C-newstructure,5.3,5.3,1.0687393,1.0717059313131312,-0.0006960999999998663,0.015572678929292929,0.002220780015002562,10.04344259259257,-0.011137570899382837,0.008914653809355246,-0.026737169755743473,0.026804114296856665,-1.1365902927369753
2018-04-12_cell_32,31,Batch 3,2018-04-12,731.0,5.9C(60%)-3.1C-newstructure,5.9,5.9,1.0681812,1.0707996878787878,-0.0010414000000000811,0.015875272090909092,0.0028224067012983054,10.045700723905673,-0.01635054856148944,0.012034158942020574,-0.035619409739265695,0.03570121321681906,-1.2920937389916802
2018-04-12_cell_33,32,Batch 3,2018-04-12,,4.8C(80%)-4.8C-newstructure,4.8,4.8,1.0725862,1.074329306060606,-0.0012216999999998812,0.015372072949494947,0.0065492224269353885,11.039484747474773,-0.0032569008987653743,0.00460830133645745,-0.01012140041626175,0.02380041360299681,1.80793704362274
2018-04-12_cell_34,33,Batch 3,2018-04-12,1284.0,5C(67%)-4C-newstructure,5.0,5.0,1.060272,1.062159194949495,-0.0015305000000001012,0.015340797171717173,0.0032102352684931653,10.043259696969717,-0.00784867836178756,0.006342611189003009,-0.019885925647910252,0.019996205438621278,-1.0079638350521714
2018-04-12_cell_35,34,Batch 3,2018-04-12,1158.0,5.3C(54%)-4C-newstructure,5.3,5.3,1.061535,1.063246013131313,-0.002482799999999896,0.015302312080808081,0.004726884088897389,10.043539814814821,-0.00955200556777299,0.007036999231377891,-0.02150989276991433,0.021542887413351475,-1.1555909813188079
2018-04-12_cell_36,35,Batch 3,2018-04-12,1093.0,5.6C(19%)-4.6C-newstructure,5.6,5.6,1.0633804,1.0644993393939395,-0.0019807000000000574,0.01537437201010101,0.004906236990921838,10.043588619528593,-0.009826425701495065,0.007634632048037832,-0.02302807515263361,0.02311851380862777,-1.1525795298029018
2018-04-12_cell_37,36,Batch 3,2018-04-12,923.0,5.6C(36%)-4.3C-newstructure,5.6,5.6,1.0575287,1.0593632474747476,-0.0022610000000000685,0.0151344318989899,0.004273907033321839,10.043494949494974,-0.009908357469924613,0.007472884941210471,-0.022981813517992444,0.023139442463641635,-1.0963063130947042
2018-04-12_cell_38,37,Batch 3,2018-04-12,1390.0,4.8C(80%)-4.8C-newstructure,4.8,4.8,1.0465839,1.049442304040404,-0.0003543000000001406,0.014715773414141417,0.004441916814839639,11.038428198653161,-0.001076797766325731,0.0028235100063438686,-0.008439822988718593,0.02168024369364796,3.442159860673197
2018-04-12_cell_39,38,Batch 3,2018-04-12,1935.0,5C(67%)-4C-newstructure,5.0,5.0,1.0701473,1.0719827515151514,-0.0012724000000001734,0.01583589924242424,0.004915742014914538,10.043707962962927,-0.008693083372975452,0.006748243328173672,-0.020147005721674938,0.023066869388794015,-1.1767683743249504
2018-04-12_cell_40,39,Batch 3,2018-04-12,1156.0,5.3C(54%)-4C-newstructure,5.3,5.3,1.0474036,1.0505830505050504,-0.0009133999999999531,0.015563160080808082,0.003182678940573315,10.043092710437712,-0.006428438589560583,0.005927884287400129,-0.017457917694832736,0.023155625036735655,-1.0020225651970813
2018-04-12_cell_41,40,Batch 3,2018-04-12,796.0,5.6C(19%)-4.6C-newstructure,5.6,5.6,1.0593235,1.062999387878788,-0.001472299999999871,0.015390749383838383,0.008010307112337469,10.043764865319858,-0.009078861478925766,0.007123002855039226,-0.022053794482172262,0.022132498901707293,-1.1382019473309302
2018-04-12_cell_42,41,Batch 3,2018-04-12,786.0,5.6C(36%)-4.3C-newstructure,5.6,5.6,1.0505219,1.0543741434343434,0.0003908999999999718,0.018306992535353537,0.003584433573714365,10.043162962962906,-0.009748050525024678,0.007770743440748655,-0.024192993699098664,0.024213045679187695,-1.0624409011807083
2018-04-12_cell_43,42,Batch 3,2018-04-12,1642.0,4.8C(80%)-4.8C-newstructure,4.8,4.8,1.0669198,1.0695203565656566,-0.00015739999999997423,0.016131830323232323,0.011666531827418893,11.03849814814812,0.0007845194706261452,0.006716142672169424,-0.005609789046358671,0.0273118875128312,2.940921517189741
2018-04-12_cell_44,43,Batch 3,2018-04-12,1046.0,5C(67%)-4C-newstructure,5.0,5.0,1.0701852,1.0728844272727274,-0.0001888000000001,0.015828501373737373,0.013493909298617775,10.043652104377044,-0.003266056933426803,0.006947735009786275,-0.01297639899175873,0.02933869005418166,0.8570863264868622
2018-04-12_cell_45,44,Batch 3,2018-04-12,940.0,5.3C(54%)-4C-newstructure,5.3,5.3,1.06972,1.07331738989899,0.00018009999999990534,0.015572503777777776,0.0031283621403491186,10.043212407407367,-0.011231061096491921,0.00859942661490303,-0.02598513188750473,0.02592828218360861,-1.238586153658911
2018-04-12_cell_46,45,Batch 3,2018-04-12,1801.0,4.8C(80%)-4.8C-newstructure,4.8,4.8,1.0695485,1.0714658575757574,-0.00020569999999997535,0.015618692474747477,0.0027032666629769,11.038587558922575,-0.007131752461986142,0.00549277558394396,-0.016477960740300612,0.01642510230773486,-1.177011420035427
